ID;Store_ID;Name;TELL;web;اوقات _العمل;MAPLink;Latitude;longtitude;Latitudeandlength
54;3;OudElite - نخبة العود;8001220066;www.oudelite.com;"09:00AM - 12:00PM
04:00PM - 11:00PM";https://goo.gl/maps/q14fq2nJqahR3TVN8;24.734863;46.663014;24.734863, 46.663014
73;8;OudElite - نخبة العود;8001220066;www.oudelite.com;"09:00AM - 12:00PM
04:00PM - 11:00PM";https://goo.gl/maps/qJ9HkwQ2FPqPU5Kw9;24.748771;46.773859;24.748771, 46.773859
55;10;OudElite - نخبة العود;8001220066;www.oudelite.com;"09:00AM - 12:00PM
04:00PM - 11:00PM";https://goo.gl/maps/yV1T4rGzQr7Habvw9;24.742609;46.658752;24.742609, 46.658752
64;12;OudElite - نخبة العود;8001220066;www.oudelite.com;"09:00AM - 12:00PM
04:00PM - 11:00PM";https://goo.gl/maps/eAtCFRdnkM8TCBvh6;24.819971;46.642334;24.819971, 46.642334
84;16;OudElite - نخبة العود;8001220066;www.oudelite.com;"09:00AM - 12:00PM
04:00PM - 11:00PM";https://goo.gl/maps/nMnw1C2Sb2JhLfaq8;24.600224;46.696976;24.600224, 46.696976
65;17;OudElite - نخبة العود;8001220066;www.oudelite.com;"09:00AM - 12:00PM
04:00PM - 11:00PM";https://goo.gl/maps/QNDMDH1JAuRjkTs78;24.797797;46.642186;24.797797, 46.642186
85;18;OudElite - نخبة العود;8001220066;www.oudelite.com;"09:00AM - 12:00PM
04:00PM - 11:00PM";https://goo.gl/maps/urVfPcuqYAQavEMW9;24.628588;46.708809;24.628588, 46.708809
93;20;OudElite - نخبة العود;8001220066;www.oudelite.com;"09:00AM - 12:00PM
04:00PM - 11:00PM";https://goo.gl/maps/URyW95UdBd8YXVbj8;24.569493;46.788917;24.569493, 46.788917
101;21;OudElite - نخبة العود;8001220066;www.oudelite.com;"09:00AM - 12:00PM
04:00PM - 11:00PM";https://goo.gl/maps/anP8wMEciQ1SLpEx9;24.741772;46.826534;24.741772, 46.826534
56;22;OudElite - نخبة العود;8001220066;www.oudelite.com;"09:00AM - 12:00PM
04:00PM - 11:00PM";https://goo.gl/maps/EAQr7hta8Xn4qRUj9;24.737656;46.661617;24.737656, 46.661617
102;23;OudElite - نخبة العود;8001220066;www.oudelite.com;"09:00AM - 12:00PM
04:00PM - 11:00PM";https://goo.gl/maps/kUc2G5aDHYeZRR8o7;24.701294;46.802659;24.701294, 46.802659
103;25;OudElite - نخبة العود;8001220066;www.oudelite.com;"09:00AM - 12:00PM
04:00PM - 11:00PM";https://goo.gl/maps/T7Hg952tvDhoWbgU8;24.684074;46.775352;24.684074, 46.775352
104;26;OudElite - نخبة العود;8001220066;www.oudelite.com;"09:00AM - 12:00PM
04:00PM - 11:00PM";https://goo.gl/maps/X3FSyvqHGyC86JQZ7;24.727016;46.825452;24.727016, 46.825452
66;27;OudElite - نخبة العود;8001220066;www.oudelite.com;"09:00AM - 12:00PM
04:00PM - 11:00PM";https://goo.gl/maps/uBfBXqnYVFBCYYZx5;24.648245;46.556482;24.648245, 46.556482
86;28;OudElite - نخبة العود;8001220066;www.oudelite.com;"09:00AM - 12:00PM
04:00PM - 11:00PM";https://goo.gl/maps/PPnCxLnHKFVz4Awe6;24.589547;46.622919;24.589547, 46.622919
105;29;OudElite - نخبة العود;8001220066;www.oudelite.com;"09:00AM - 12:00PM
04:00PM - 11:00PM";https://goo.gl/maps/DVajDhx33cWTfYzE7;24.750365;46.822497;24.750365, 46.822497
123;30;OudElite - نخبة العود;8001220066;www.oudelite.com;"09:00AM - 12:00PM
04:00PM - 11:00PM";https://goo.gl/maps/SGPF786aDxUHw2Zd8;26.373044;43.936933;26.373044, 43.936933
57;34;OudElite - نخبة العود;8001220066;www.oudelite.com;"09:00AM - 12:00PM
04:00PM - 11:00PM";https://goo.gl/maps/bMcZgUb7wRupmoq38;24.685906;46.684303;24.685906, 46.684303
74;37;OudElite - نخبة العود;8001220066;www.oudelite.com;"09:00AM - 12:00PM
04:00PM - 11:00PM";https://goo.gl/maps/KBbJPYZPDozzEbqR6;24.746003;46.776075;24.746003, 46.776075
87;41;OudElite - نخبة العود;8001220066;www.oudelite.com;"09:00AM - 12:00PM
04:00PM - 11:00PM";https://goo.gl/maps/AgemaQKA5dLtrgUA6;24.607446;46.653270;24.607446, 46.653270
124;42;OudElite - نخبة العود;8001220066;www.oudelite.com;"09:00AM - 12:00PM
04:00PM - 11:00PM";https://goo.gl/maps/f3GBo9deM7o4n5n8A;27.555180;41.681879;27.555180, 41.681879
94;47;OudElite - نخبة العود;8001220066;www.oudelite.com;"09:00AM - 12:00PM
04:00PM - 11:00PM";https://goo.gl/maps/WdphresxvCrhXnka9;24.573053;46.546851;24.573053, 46.546851
67;48;OudElite - نخبة العود;8001220066;www.oudelite.com;"09:00AM - 12:00PM
04:00PM - 11:00PM";https://goo.gl/maps/uVeNMiCtmf5wvAP76;24.807240;46.737371;24.807240, 46.737371
95;50;OudElite - نخبة العود;8001220066;www.oudelite.com;"09:00AM - 12:00PM
04:00PM - 11:00PM";https://goo.gl/maps/iE8RRtN8Efb2GvcHA;24.586196;46.547532;24.586196, 46.547532
187;52;OudElite - نخبة العود;8001220066;www.oudelite.com;"09:00AM - 12:00PM
04:00PM - 11:00PM";https://goo.gl/maps/3JkaUZs8Ebj51Hcb6;21.440219;39.280846;21.440219, 39.280846
216;55;OudElite - نخبة العود;8001220066;www.oudelite.com;"09:00AM - 12:00PM
04:00PM - 11:00PM";https://goo.gl/maps/CzTBCh7rqyaD1L6T8;21.538138;39.217310;21.538138, 39.217310
217;58;OudElite - نخبة العود;8001220066;www.oudelite.com;"09:00AM - 12:00PM
04:00PM - 11:00PM";https://goo.gl/maps/2KwYXxCnqLZ7VS476;21.574833;39.167075;21.574833, 39.167075
199;60;OudElite - نخبة العود;8001220066;www.oudelite.com;"09:00AM - 12:00PM
04:00PM - 11:00PM";https://goo.gl/maps/7dtPon9TqQFrWmLH8;21.620219;39.189481;21.620219, 39.189481
200;61;OudElite - نخبة العود;8001220066;www.oudelite.com;"09:00AM - 12:00PM
04:00PM - 11:00PM";https://goo.gl/maps/k3KxkTyUKQazrtJW9;21.607456;39.124505;21.607456, 39.124505
188;62;OudElite - نخبة العود;8001220066;www.oudelite.com;"09:00AM - 12:00PM
04:00PM - 11:00PM";https://goo.gl/maps/UJsd8JFV66YFymDe6;21.508537;39.222393;21.508537, 39.222393
218;63;OudElite - نخبة العود;8001220066;www.oudelite.com;"09:00AM - 12:00PM
04:00PM - 11:00PM";https://goo.gl/maps/o9agdSQQHEYmX89g7;21.542713;39.196424;21.542713, 39.196424
201;65;OudElite - نخبة العود;8001220066;www.oudelite.com;"09:00AM - 12:00PM
04:00PM - 11:00PM";https://goo.gl/maps/E1uWiPkpqHbYnKkH9;21.587201;39.158216;21.587201, 39.158216
202;66;OudElite - نخبة العود;8001220066;www.oudelite.com;"09:00AM - 12:00PM
04:00PM - 11:00PM";https://goo.gl/maps/grtYH94dYniBUrdL6;21.618597;39.181011;21.618597, 39.181011
203;68;OudElite - نخبة العود;8001220066;www.oudelite.com;"09:00AM - 12:00PM
04:00PM - 11:00PM";https://goo.gl/maps/RXdwaLGgGwTBX2MNA;21.600422;39.168280;21.600422, 39.168280
189;70;OudElite - نخبة العود;8001220066;www.oudelite.com;"09:00AM - 12:00PM
04:00PM - 11:00PM";https://goo.gl/maps/QfV3ZCJHcNAjFaXj7;21.417210;39.302027;21.417210, 39.302027
219;71;OudElite - نخبة العود;8001220066;www.oudelite.com;"09:00AM - 12:00PM
04:00PM - 11:00PM";https://goo.gl/maps/gr7Dv3Tk7uLbmr9L9;21.560932;39.186336;21.560932, 39.186336
190;73;OudElite - نخبة العود;8001220066;www.oudelite.com;"09:00AM - 12:00PM
04:00PM - 11:00PM";https://goo.gl/maps/ghNzMs2sj1P88oR57;21.490990;39.221162;21.490990, 39.221162
209;74;OudElite - نخبة العود;8001220066;www.oudelite.com;"09:00AM - 12:00PM
04:00PM - 11:00PM";https://goo.gl/maps/akpik8C9sqwHSyqq8;21.593348;39.237550;21.593348, 39.237550
204;75;OudElite - نخبة العود;8001220066;www.oudelite.com;"09:00AM - 12:00PM
04:00PM - 11:00PM";https://goo.gl/maps/dzmKJApChxReENSh7;21.621922;39.199258;21.621922, 39.199258
263;76;OudElite - نخبة العود;8001220066;www.oudelite.com;"09:00AM - 12:00PM
04:00PM - 11:00PM";https://goo.gl/maps/BU648fZH7jqXj1cr5;21.420032;39.823676;21.420032, 39.823676
264;77;OudElite - نخبة العود;8001220066;www.oudelite.com;"09:00AM - 12:00PM
04:00PM - 11:00PM";https://goo.gl/maps/TAZCeGP3xbLu7Z16A;21.391808;39.884120;21.391808, 39.884120
309;78;OudElite - نخبة العود;8001220066;www.oudelite.com;"09:00AM - 12:00PM
04:00PM - 11:00PM";https://goo.gl/maps/7V5f8n1VBmuh8ZLLA;21.428723;39.789486;21.428723, 39.789486
265;80;OudElite - نخبة العود;8001220066;www.oudelite.com;"09:00AM - 12:00PM
04:00PM - 11:00PM";https://goo.gl/maps/48JHWfgZwWVacjzr9;21.407704;39.869118;21.407704, 39.869118
310;81;OudElite - نخبة العود;8001220066;www.oudelite.com;"09:00AM - 12:00PM
04:00PM - 11:00PM";https://goo.gl/maps/jdnnanG5ycmKvMJeA;21.476582;39.924428;21.476582, 39.924428
311;83;OudElite - نخبة العود;8001220066;www.oudelite.com;"09:00AM - 12:00PM
04:00PM - 11:00PM";https://goo.gl/maps/gFVbMzJzvztNPqkW9;21.476568;39.924427;21.476568, 39.924427
312;85;OudElite - نخبة العود;8001220066;www.oudelite.com;"09:00AM - 12:00PM
04:00PM - 11:00PM";https://goo.gl/maps/KZAHcYesmikxHk5S8;21.442689;39.809593;21.442689, 39.809593
266;86;OudElite - نخبة العود;8001220066;www.oudelite.com;"09:00AM - 12:00PM
04:00PM - 11:00PM";https://goo.gl/maps/DGLCPotwQu2khM3k9;21.405453;39.872049;21.405453, 39.872049
313;87;OudElite - نخبة العود;8001220066;www.oudelite.com;"09:00AM - 12:00PM
04:00PM - 11:00PM";https://goo.gl/maps/MKNRvvu8Uvw9j7ft7;21.384437;39.787607;21.384437, 39.787607
314;91;OudElite - نخبة العود;8001220066;www.oudelite.com;"09:00AM - 12:00PM
04:00PM - 11:00PM";https://goo.gl/maps/17K4Z8cnK2EBW8ew5;21.355573;39.888754;21.355573, 39.888754
267;92;OudElite - نخبة العود;8001220066;www.oudelite.com;"09:00AM - 12:00PM
04:00PM - 11:00PM";https://goo.gl/maps/diviZ8AN2nKkG43T9;21.420391;39.821957;21.420391, 39.821957
268;93;OudElite - نخبة العود;8001220066;www.oudelite.com;"09:00AM - 12:00PM
04:00PM - 11:00PM";https://goo.gl/maps/q3oSX3NGxjBfewCv8;21.421156;39.821853;21.421156, 39.821853
315;94;OudElite - نخبة العود;8001220066;www.oudelite.com;"09:00AM - 12:00PM
04:00PM - 11:00PM";https://goo.gl/maps/hN1L3CMJqAsNmDGt9;21.371729;39.803222;21.371729, 39.803222
269;95;OudElite - نخبة العود;8001220066;www.oudelite.com;"09:00AM - 12:00PM
04:00PM - 11:00PM";https://goo.gl/maps/YnYUmuZ5bENyNNEc6;21.419472;39.825562;21.419472, 39.825562
316;96;OudElite - نخبة العود;8001220066;www.oudelite.com;"09:00AM - 12:00PM
04:00PM - 11:00PM";https://goo.gl/maps/2UmN3oLUUhPpj33p6;21.368971;39.837586;21.368971, 39.837586
317;98;OudElite - نخبة العود;8001220066;www.oudelite.com;"09:00AM - 12:00PM
04:00PM - 11:00PM";https://goo.gl/maps/kgf2atNXSoGzdNnE9;21.462353;39.947029;21.462353, 39.947029
167;101;OudElite - نخبة العود;8001220066;www.oudelite.com;"09:00AM - 12:00PM
04:00PM - 11:00PM";https://goo.gl/maps/DZW78F3Mdr3ZRcE8A;24.471368;39.607782;24.471368, 39.607782
149;103;OudElite - نخبة العود;8001220066;www.oudelite.com;"09:00AM - 12:00PM
04:00PM - 11:00PM";https://goo.gl/maps/za7kSE9urAWr4uYP7;24.414566;39.617893;24.414566, 39.617893
150;104;OudElite - نخبة العود;8001220066;www.oudelite.com;"09:00AM - 12:00PM
04:00PM - 11:00PM";https://goo.gl/maps/gXntJ3ZNhzvjuYYVA;24.496912;39.595553;24.496912, 39.595553
205;105;OudElite - نخبة العود;8001220066;www.oudelite.com;"09:00AM - 12:00PM
04:00PM - 11:00PM";https://goo.gl/maps/MnXHjsjKB8HH4xLg9;22.788861;39.032384;22.788861, 39.032384
168;107;OudElite - نخبة العود;8001220066;www.oudelite.com;"09:00AM - 12:00PM
04:00PM - 11:00PM";https://goo.gl/maps/QqGHe2AaRGWzqthx6;24.458314;39.609430;24.458314, 39.609430
245;109;OudElite - نخبة العود;8001220066;www.oudelite.com;"09:00AM - 12:00PM
04:00PM - 11:00PM";https://goo.gl/maps/SRTK8dscUfxW7ovi6;29.961756;40.203476;29.961756, 40.203476
159;110;OudElite - نخبة العود;8001220066;www.oudelite.com;"09:00AM - 12:00PM
04:00PM - 11:00PM";https://goo.gl/maps/wXFc7yaaD9NvBmbb8;24.088921;38.048008;24.088921, 38.048008
246;111;OudElite - نخبة العود;8001220066;www.oudelite.com;"09:00AM - 12:00PM
04:00PM - 11:00PM";https://goo.gl/maps/LC8oAu56re2J4DTYA;30.985968;41.020580;30.985968, 41.020580
247;112;OudElite - نخبة العود;8001220066;www.oudelite.com;"09:00AM - 12:00PM
04:00PM - 11:00PM";https://goo.gl/maps/xK5xKwS5ybCm41iS7;31.330525;37.343544;31.330525, 37.343544
151;113;OudElite - نخبة العود;8001220066;www.oudelite.com;"09:00AM - 12:00PM
04:00PM - 11:00PM";https://goo.gl/maps/VmEd26V8KtHucLbz5;24.447485;39.537418;24.447485, 39.537418
169;114;OudElite - نخبة العود;8001220066;www.oudelite.com;"09:00AM - 12:00PM
04:00PM - 11:00PM";https://goo.gl/maps/5RLqPx55NYNwc6Dg6;24.471129;39.610104;24.471129, 39.610104
244;115;OudElite - نخبة العود;8001220066;www.oudelite.com;"09:00AM - 12:00PM
04:00PM - 11:00PM";https://goo.gl/maps/avadsfpgNSJiPYub7;29.628619;43.519742;29.628619, 43.519742
178;117;OudElite - نخبة العود;8001220066;www.oudelite.com;"09:00AM - 12:00PM
04:00PM - 11:00PM";https://goo.gl/maps/F749ZvNuJNok7J8z9;28.380214;36.575150;28.380214, 36.575150
179;118;OudElite - نخبة العود;8001220066;www.oudelite.com;"09:00AM - 12:00PM
04:00PM - 11:00PM";https://goo.gl/maps/Q9YvTqjZqrmDaf3i8;28.412233;36.587563;28.412233, 36.587563
160;119;OudElite - نخبة العود;8001220066;www.oudelite.com;"09:00AM - 12:00PM
04:00PM - 11:00PM";https://goo.gl/maps/Jj6hNaw9t5hCNSNt6;26.615481;37.920494;26.615481, 37.920494
180;121;OudElite - نخبة العود;8001220066;www.oudelite.com;"09:00AM - 12:00PM
04:00PM - 11:00PM";https://goo.gl/maps/RAqAdk25URatYqfb7;28.384016;36.561062;28.384016, 36.561062
170;122;OudElite - نخبة العود;8001220066;www.oudelite.com;"09:00AM - 12:00PM
04:00PM - 11:00PM";https://goo.gl/maps/dG5uCAUKSsddtWU5A;24.471493;39.607204;24.471493, 39.607204
113;123;OudElite - نخبة العود;8001220066;www.oudelite.com;"09:00AM - 12:00PM
04:00PM - 11:00PM";https://goo.gl/maps/2rCSEykW3Fhy3TAQA;21.287652;40.419290;21.287652, 40.419290
114;125;OudElite - نخبة العود;8001220066;www.oudelite.com;"09:00AM - 12:00PM
04:00PM - 11:00PM";https://goo.gl/maps/c7D3xRMxRGSbX55o6;21.255331;40.410153;21.255331, 40.410153
115;126;OudElite - نخبة العود;8001220066;www.oudelite.com;"09:00AM - 12:00PM
04:00PM - 11:00PM";https://goo.gl/maps/jj2J72esB4t4cb7B8;21.272988;40.408805;21.272988, 40.408805
116;127;OudElite - نخبة العود;8001220066;www.oudelite.com;"09:00AM - 12:00PM
04:00PM - 11:00PM";https://goo.gl/maps/HKREBPyA3qpNu2TJ7;21.273151;40.431364;21.273151, 40.431364
171;128;OudElite - نخبة العود;8001220066;www.oudelite.com;"09:00AM - 12:00PM
04:00PM - 11:00PM";https://goo.gl/maps/zMRQ62HLbzFYFr9F8;24.471149;39.609127;24.471149, 39.609127
106;131;OudElite - نخبة العود;8001220066;www.oudelite.com;"09:00AM - 12:00PM
04:00PM - 11:00PM";https://goo.gl/maps/2L9Be8KsUEtDEjx59;24.726862;46.825699;24.726862, 46.825699
88;132;OudElite - نخبة العود;8001220066;www.oudelite.com;"09:00AM - 12:00PM
04:00PM - 11:00PM";https://goo.gl/maps/dRFjCTeKnVTj5L5u8;24.560848;46.705737;24.560848, 46.705737
68;133;OudElite - نخبة العود;8001220066;www.oudelite.com;"09:00AM - 12:00PM
04:00PM - 11:00PM";https://goo.gl/maps/JhUktg636SR8Apum8;24.635627;46.561372;24.635627, 46.561372
75;142;OudElite - نخبة العود;8001220066;www.oudelite.com;"09:00AM - 12:00PM
04:00PM - 11:00PM";https://goo.gl/maps/nrSEp5fnToMTv6L66;24.774856;46.726726;24.774856, 46.726726
58;143;OudElite - نخبة العود;8001220066;www.oudelite.com;"09:00AM - 12:00PM
04:00PM - 11:00PM";https://goo.gl/maps/uGdB22nwahipL3aP7;24.734627;46.678890;24.734627, 46.678890
125;145;OudElite - نخبة العود;8001220066;www.oudelite.com;"09:00AM - 12:00PM
04:00PM - 11:00PM";https://goo.gl/maps/G3CqXji5D1KJbZCR9;26.084571;43.978406;26.084571, 43.978406
69;149;OudElite - نخبة العود;8001220066;www.oudelite.com;"09:00AM - 12:00PM
04:00PM - 11:00PM";https://goo.gl/maps/pMiCXKZDC9j9kSy2A;24.808638;46.616790;24.808638, 46.616790
70;150;OudElite - نخبة العود;8001220066;www.oudelite.com;"09:00AM - 12:00PM
04:00PM - 11:00PM";https://goo.gl/maps/XBEenf3iVRqcEoxK6;24.817128;46.782675;24.817128, 46.782675
24;152;OudElite - نخبة العود;8001220066;www.oudelite.com;"09:00AM - 12:00PM
04:00PM - 11:00PM";https://goo.gl/maps/PmJDdDT8prBvBR3UA;20.012718;41.463982;20.012718, 41.463982
300;155;OudElite - نخبة العود;8001220066;www.oudelite.com;"09:00AM - 12:00PM
04:00PM - 11:00PM";https://goo.gl/maps/1ZZQPyvQdxefsH1X9;19.122385;41.096117;19.122385, 41.096117
25;156;OudElite - نخبة العود;8001220066;www.oudelite.com;"09:00AM - 12:00PM
04:00PM - 11:00PM";https://goo.gl/maps/XhKNofFPM8JSHwwC8;19.578625;41.960323;19.578625, 41.960323
252;157;OudElite - نخبة العود;8001220066;www.oudelite.com;"09:00AM - 12:00PM
04:00PM - 11:00PM";https://goo.gl/maps/nWPNr2uvNTTMrLvz8;18.543296;42.045921;18.543296, 42.045921
253;158;OudElite - نخبة العود;8001220066;www.oudelite.com;"09:00AM - 12:00PM
04:00PM - 11:00PM";https://goo.gl/maps/nXndqHfUNqkwQamQA;18.543306;42.045920;18.543306, 42.045920
254;160;OudElite - نخبة العود;8001220066;www.oudelite.com;"09:00AM - 12:00PM
04:00PM - 11:00PM";https://goo.gl/maps/yGxAGxVT8spnRXtr9;19.115810;41.921833;19.115810, 41.921833
152;163;OudElite - نخبة العود;8001220066;www.oudelite.com;"09:00AM - 12:00PM
04:00PM - 11:00PM";https://goo.gl/maps/EBD7hWZfsjGBbdPm6;24.487078;39.635134;24.487078, 39.635134
172;164;OudElite - نخبة العود;8001220066;www.oudelite.com;"09:00AM - 12:00PM
04:00PM - 11:00PM";https://goo.gl/maps/dEh6ntuqtK6Hkhsu6;24.472681;39.611483;24.472681, 39.611483
153;165;OudElite - نخبة العود;8001220066;www.oudelite.com;"09:00AM - 12:00PM
04:00PM - 11:00PM";https://goo.gl/maps/wt9wy6PiM4wAFhpd6;24.451691;39.538007;24.451691, 39.538007
248;166;OudElite - نخبة العود;8001220066;www.oudelite.com;"09:00AM - 12:00PM
04:00PM - 11:00PM";https://goo.gl/maps/eUWZ1r2WP4vcybjy5;30.970758;41.015619;30.970758, 41.015619
173;170;OudElite - نخبة العود;8001220066;www.oudelite.com;"09:00AM - 12:00PM
04:00PM - 11:00PM";https://goo.gl/maps/GBVNzu4meTqzTxPE8;24.465288;39.608924;24.465288, 39.608924
76;175;OudElite - نخبة العود;8001220066;www.oudelite.com;"09:00AM - 12:00PM
04:00PM - 11:00PM";https://goo.gl/maps/1mr9HrPG73i6Pz3E9;24.774271;46.801567;24.774271, 46.801567
126;176;OudElite - نخبة العود;8001220066;www.oudelite.com;"09:00AM - 12:00PM
04:00PM - 11:00PM";https://goo.gl/maps/cBAYgAa86wPLcomf9;26.296124;44.808907;26.296124, 44.808907
107;177;OudElite - نخبة العود;8001220066;www.oudelite.com;"09:00AM - 12:00PM
04:00PM - 11:00PM";https://goo.gl/maps/FyLw92GdNHqEk7536;24.810778;46.899395;24.810778, 46.899395
134;179;OudElite - نخبة العود;8001220066;www.oudelite.com;"09:00AM - 12:00PM
04:00PM - 11:00PM";https://goo.gl/maps/rLQbxqsnhJhksUxx8;25.908602;45.343198;25.908602, 45.343198
127;180;OudElite - نخبة العود;8001220066;www.oudelite.com;"09:00AM - 12:00PM
04:00PM - 11:00PM";https://goo.gl/maps/GdUav6yR1qkZ83Fw7;27.525128;41.704013;27.525128, 41.704013
117;181;OudElite - نخبة العود;8001220066;www.oudelite.com;"09:00AM - 12:00PM
04:00PM - 11:00PM";https://goo.gl/maps/jg8ws6ohyL9Nah9c9;21.286528;40.445168;21.286528, 40.445168
118;183;OudElite - نخبة العود;8001220066;www.oudelite.com;"09:00AM - 12:00PM
04:00PM - 11:00PM";https://goo.gl/maps/Ecbkd8jR3HyRavKbA;21.259402;40.409371;21.259402, 40.409371
318;185;OudElite - نخبة العود;8001220066;www.oudelite.com;"09:00AM - 12:00PM
04:00PM - 11:00PM";https://goo.gl/maps/Uv6H3HuzYfLXt5yX8;21.462349;39.947015;21.462349, 39.947015
119;187;OudElite - نخبة العود;8001220066;www.oudelite.com;"09:00AM - 12:00PM
04:00PM - 11:00PM";https://goo.gl/maps/Vr9VgMTqPXreJFoL9;21.272990;40.408798;21.272990, 40.408798
120;188;OudElite - نخبة العود;8001220066;www.oudelite.com;"09:00AM - 12:00PM
04:00PM - 11:00PM";https://goo.gl/maps/vJxqyjrwjWRVijHt9;21.436201;40.488039;21.436201, 40.488039
191;189;OudElite - نخبة العود;8001220066;www.oudelite.com;"09:00AM - 12:00PM
04:00PM - 11:00PM";https://goo.gl/maps/vwz1iJX6cuf2EKyAA;21.507681;39.217270;21.507681, 39.217270
206;190;OudElite - نخبة العود;8001220066;www.oudelite.com;"09:00AM - 12:00PM
04:00PM - 11:00PM";https://goo.gl/maps/AcgfgUraevBuFRTK8;21.552093;39.158812;21.552093, 39.158812
270;191;OudElite - نخبة العود;8001220066;www.oudelite.com;"09:00AM - 12:00PM
04:00PM - 11:00PM";https://goo.gl/maps/WRpJD3DsjDAADaCS9;21.419389;39.822435;21.419389, 39.822435
319;192;OudElite - نخبة العود;8001220066;www.oudelite.com;"09:00AM - 12:00PM
04:00PM - 11:00PM";https://goo.gl/maps/2niyMsJmgRCswkzt8;21.401034;39.707943;21.401034, 39.707943
121;193;OudElite - نخبة العود;8001220066;www.oudelite.com;"09:00AM - 12:00PM
04:00PM - 11:00PM";https://goo.gl/maps/2BXuVZRGPfnDaYEg9;21.449522;40.510358;21.449522, 40.510358
210;194;OudElite - نخبة العود;8001220066;www.oudelite.com;"09:00AM - 12:00PM
04:00PM - 11:00PM";https://goo.gl/maps/4bi5U4VVtCVrnrXc8;21.732693;39.195087;21.732693, 39.195087
211;195;OudElite - نخبة العود;8001220066;www.oudelite.com;"09:00AM - 12:00PM
04:00PM - 11:00PM";https://goo.gl/maps/9bxpJAEAuYTSh1Bk8;21.592958;39.228223;21.592958, 39.228223
220;196;OudElite - نخبة العود;8001220066;www.oudelite.com;"09:00AM - 12:00PM
04:00PM - 11:00PM";https://goo.gl/maps/SrfXurw7UmJ6hCTX9;21.573947;39.219675;21.573947, 39.219675
271;199;OudElite - نخبة العود;8001220066;www.oudelite.com;"09:00AM - 12:00PM
04:00PM - 11:00PM";https://goo.gl/maps/Qyu7tHZAp5pVC2XP6;21.419788;39.826289;21.419788, 39.826289
2;200;OudElite - نخبة العود;8001220066;www.oudelite.com;"09:00AM - 12:00PM
04:00PM - 11:00PM";https://goo.gl/maps/x4mvAyeZ66XzFUDe9;18.307806;42.730028;18.307806, 42.730028
289;202;OudElite - نخبة العود;8001220066;www.oudelite.com;"09:00AM - 12:00PM
04:00PM - 11:00PM";https://goo.gl/maps/Arz1TCg7pTLMLrAJA;18.252077;42.759274;18.252077, 42.759274
255;204;OudElite - نخبة العود;8001220066;www.oudelite.com;"09:00AM - 12:00PM
04:00PM - 11:00PM";https://goo.gl/maps/pyR98SUaVw1R7sp87;19.124970;41.920136;19.124970, 41.920136
290;205;OudElite - نخبة العود;8001220066;www.oudelite.com;"09:00AM - 12:00PM
04:00PM - 11:00PM";https://goo.gl/maps/yMFmewy9FMJDFFsp8;18.235171;42.787627;18.235171, 42.787627
291;206;OudElite - نخبة العود;8001220066;www.oudelite.com;"09:00AM - 12:00PM
04:00PM - 11:00PM";https://goo.gl/maps/8qRSh6WyLzMeb3Vn6;18.084184;43.144091;18.084184, 43.144091
292;207;OudElite - نخبة العود;8001220066;www.oudelite.com;"09:00AM - 12:00PM
04:00PM - 11:00PM";https://goo.gl/maps/fpnhrqeXPbEWk9aK7;18.245844;42.764423;18.245844, 42.764423
256;208;OudElite - نخبة العود;8001220066;www.oudelite.com;"09:00AM - 12:00PM
04:00PM - 11:00PM";https://goo.gl/maps/o5M8ocPVf6WKpwL27;18.543417;42.037778;18.543417, 42.037778
26;209;OudElite - نخبة العود;8001220066;www.oudelite.com;"09:00AM - 12:00PM
04:00PM - 11:00PM";https://goo.gl/maps/1U6XDZkmVzYrVryf6;20.010168;42.620518;20.010168, 42.620518
301;210;OudElite - نخبة العود;8001220066;www.oudelite.com;"09:00AM - 12:00PM
04:00PM - 11:00PM";https://goo.gl/maps/HzXxGG4sKaLkFkpg7;18.970558;41.311550;18.970558, 41.311550
224;214;OudElite - نخبة العود;8001220066;www.oudelite.com;"09:00AM - 12:00PM
04:00PM - 11:00PM";https://goo.gl/maps/i462cA5vX3nMPzm46;16.969262;42.835687;16.969262, 42.835687
3;216;OudElite - نخبة العود;8001220066;www.oudelite.com;"09:00AM - 12:00PM
04:00PM - 11:00PM";https://goo.gl/maps/RyUnLaCEpU7N5Hhm6;18.927778;42.195250;18.927778, 42.195250
27;217;OudElite - نخبة العود;8001220066;www.oudelite.com;"09:00AM - 12:00PM
04:00PM - 11:00PM";https://goo.gl/maps/xcsUH7BhokmvscZP7;21.253172;42.843014;21.253172, 42.843014
293;218;OudElite - نخبة العود;8001220066;www.oudelite.com;"09:00AM - 12:00PM
04:00PM - 11:00PM";https://goo.gl/maps/tPFp2NwB2eiKJQ427;18.291404;42.745059;18.291404, 42.745059
294;221;OudElite - نخبة العود;8001220066;www.oudelite.com;"09:00AM - 12:00PM
04:00PM - 11:00PM";https://goo.gl/maps/J2LhjbRVbxzhkr7i8;17.660573;43.517039;17.660573, 43.517039
28;222;OudElite - نخبة العود;8001220066;www.oudelite.com;"09:00AM - 12:00PM
04:00PM - 11:00PM";https://goo.gl/maps/YufnaMWhHSPQNYEG9;20.007277;41.451820;20.007277, 41.451820
302;223;OudElite - نخبة العود;8001220066;www.oudelite.com;"09:00AM - 12:00PM
04:00PM - 11:00PM";https://goo.gl/maps/rYaWh3oNpTveaPq5A;19.939070;41.254397;19.939070, 41.254397
4;224;OudElite - نخبة العود;8001220066;www.oudelite.com;"09:00AM - 12:00PM
04:00PM - 11:00PM";https://goo.gl/maps/dmHwFvui2PyhFSbr7;18.240222;42.604806;18.240222, 42.604806
225;225;OudElite - نخبة العود;8001220066;www.oudelite.com;"09:00AM - 12:00PM
04:00PM - 11:00PM";https://goo.gl/maps/SCr7DRVAywWiSmuJ7;16.902348;42.553860;16.902348, 42.553860
226;227;OudElite - نخبة العود;8001220066;www.oudelite.com;"09:00AM - 12:00PM
04:00PM - 11:00PM";https://goo.gl/maps/zMQxZHZfScEP1Cym9;16.960515;42.821803;16.960515, 42.821803
227;229;OudElite - نخبة العود;8001220066;www.oudelite.com;"09:00AM - 12:00PM
04:00PM - 11:00PM";https://goo.gl/maps/HR6gPoUgpoNKrjPH7;16.908320;42.547720;16.908320, 42.547720
228;231;OudElite - نخبة العود;8001220066;www.oudelite.com;"09:00AM - 12:00PM
04:00PM - 11:00PM";https://goo.gl/maps/yn9cwN8BBKZow6YS7;16.604410;42.937042;16.604410, 42.937042
257;232;OudElite - نخبة العود;8001220066;www.oudelite.com;"09:00AM - 12:00PM
04:00PM - 11:00PM";https://goo.gl/maps/exXNAXcGoNzDeC1p8;18.538047;42.077297;18.538047, 42.077297
229;233;OudElite - نخبة العود;8001220066;www.oudelite.com;"09:00AM - 12:00PM
04:00PM - 11:00PM";https://goo.gl/maps/qvsnctMgoyrHazmx6;16.883565;42.583584;16.883565, 42.583584
295;234;OudElite - نخبة العود;8001220066;www.oudelite.com;"09:00AM - 12:00PM
04:00PM - 11:00PM";https://goo.gl/maps/JyDai4cVhARDqxsY8;17.498556;47.108055;17.498556, 47.108055
303;237;OudElite - نخبة العود;8001220066;www.oudelite.com;"09:00AM - 12:00PM
04:00PM - 11:00PM";https://goo.gl/maps/9yjHck6cRBBBteco7;19.582736;41.665658;19.582736, 41.665658
296;238;OudElite - نخبة العود;8001220066;www.oudelite.com;"09:00AM - 12:00PM
04:00PM - 11:00PM";https://goo.gl/maps/f3tbwKJDAvpPKLnW6;17.494137;44.189118;17.494137, 44.189118
230;239;OudElite - نخبة العود;8001220066;www.oudelite.com;"09:00AM - 12:00PM
04:00PM - 11:00PM";https://goo.gl/maps/EfN7NPYpf9fwXcud7;16.958341;42.815856;16.958341, 42.815856
304;240;OudElite - نخبة العود;8001220066;www.oudelite.com;"09:00AM - 12:00PM
04:00PM - 11:00PM";https://goo.gl/maps/5AhutHpjYVaByqrx7;19.120749;41.077624;19.120749, 41.077624
258;241;OudElite - نخبة العود;8001220066;www.oudelite.com;"09:00AM - 12:00PM
04:00PM - 11:00PM";https://goo.gl/maps/AoWnMPhHDGeDdRAj8;17.741025;42.279790;17.741025, 42.279790
231;242;OudElite - نخبة العود;8001220066;www.oudelite.com;"09:00AM - 12:00PM
04:00PM - 11:00PM";https://goo.gl/maps/94TJ6w8S14GCJye46;16.595320;42.935019;16.595320, 42.935019
232;243;OudElite - نخبة العود;8001220066;www.oudelite.com;"09:00AM - 12:00PM
04:00PM - 11:00PM";https://goo.gl/maps/bMp2HUTbxY68PiPS9;17.158145;42.624824;17.158145, 42.624824
29;249;OudElite - نخبة العود;8001220066;www.oudelite.com;"09:00AM - 12:00PM
04:00PM - 11:00PM";https://goo.gl/maps/pC7TGgR9XWGdK1Hy9;19.864048;41.566803;19.864048, 41.566803
297;250;OudElite - نخبة العود;8001220066;www.oudelite.com;"09:00AM - 12:00PM
04:00PM - 11:00PM";https://goo.gl/maps/vn8UCrMkmoDZGfkD9;18.291393;42.745031;18.291393, 42.745031
30;251;OudElite - نخبة العود;8001220066;www.oudelite.com;"09:00AM - 12:00PM
04:00PM - 11:00PM";https://goo.gl/maps/XdGqaHL4W7LuJPbeA;19.989498;42.601337;19.989498, 42.601337
305;253;OudElite - نخبة العود;8001220066;www.oudelite.com;"09:00AM - 12:00PM
04:00PM - 11:00PM";https://goo.gl/maps/WZYZdHX1SMnZSu9LA;19.133207;41.083440;19.133207, 41.083440
5;255;OudElite - نخبة العود;8001220066;www.oudelite.com;"09:00AM - 12:00PM
04:00PM - 11:00PM";https://goo.gl/maps/H5G2VBEXmkeneRTS9;18.207861;42.517083;18.207861, 42.517083
259;256;OudElite - نخبة العود;8001220066;www.oudelite.com;"09:00AM - 12:00PM
04:00PM - 11:00PM";https://goo.gl/maps/pY3godkXcaGx1aqY8;17.395715;42.539011;17.395715, 42.539011
6;259;OudElite - نخبة العود;8001220066;www.oudelite.com;"09:00AM - 12:00PM
04:00PM - 11:00PM";https://goo.gl/maps/yed8bFWhkiQUvgmR6;18.306639;42.729667;18.306639, 42.729667
260;262;OudElite - نخبة العود;8001220066;www.oudelite.com;"09:00AM - 12:00PM
04:00PM - 11:00PM";https://goo.gl/maps/gASLvixuMFcqorZn7;18.934654;41.944320;18.934654, 41.944320
7;263;OudElite - نخبة العود;8001220066;www.oudelite.com;"09:00AM - 12:00PM
04:00PM - 11:00PM";https://goo.gl/maps/HipJhBUpkxA4nqQA9;18.236472;42.579333;18.236472, 42.579333
8;264;OudElite - نخبة العود;8001220066;www.oudelite.com;"09:00AM - 12:00PM
04:00PM - 11:00PM";https://goo.gl/maps/Rc1WNKBxL1aia9DX6;18.307750;42.742278;18.307750, 42.742278
233;265;OudElite - نخبة العود;8001220066;www.oudelite.com;"09:00AM - 12:00PM
04:00PM - 11:00PM";https://goo.gl/maps/TjMNH9vGUKfMYDpY9;16.905718;42.548924;16.905718, 42.548924
298;266;OudElite - نخبة العود;8001220066;www.oudelite.com;"09:00AM - 12:00PM
04:00PM - 11:00PM";https://goo.gl/maps/t9mP7bjwQBmj5URg7;17.568540;44.230781;17.568540, 44.230781
31;271;OudElite - نخبة العود;8001220066;www.oudelite.com;"09:00AM - 12:00PM
04:00PM - 11:00PM";https://goo.gl/maps/5pKQ4Qn9fxEXVQpd7;19.578116;41.960487;19.578116, 41.960487
9;272;OudElite - نخبة العود;8001220066;www.oudelite.com;"09:00AM - 12:00PM
04:00PM - 11:00PM";https://goo.gl/maps/1tSjy6jxa9CsWa2K6;19.156000;42.112806;19.156000, 42.112806
306;275;OudElite - نخبة العود;8001220066;www.oudelite.com;"09:00AM - 12:00PM
04:00PM - 11:00PM";https://goo.gl/maps/zno5eb3o7RsGMDPr7;19.783120;41.437731;19.783120, 41.437731
10;276;OudElite - نخبة العود;8001220066;www.oudelite.com;"09:00AM - 12:00PM
04:00PM - 11:00PM";https://goo.gl/maps/JrmaPvxtY6J7mYNH9;19.539083;43.518194;19.539083, 43.518194
234;277;OudElite - نخبة العود;8001220066;www.oudelite.com;"09:00AM - 12:00PM
04:00PM - 11:00PM";https://goo.gl/maps/HGRADHRsujV399za9;16.899992;42.558090;16.899992, 42.558090
330;278;OudElite - نخبة العود;8001220066;www.oudelite.com;"09:00AM - 12:00PM
04:00PM - 11:00PM";https://goo.gl/maps/nkQdq3Jcoxouvrfy5;17.384361;42.544222;17.384361, 42.544222
299;279;OudElite - نخبة العود;8001220066;www.oudelite.com;"09:00AM - 12:00PM
04:00PM - 11:00PM";https://goo.gl/maps/cqmeRotYS814UjJc6;18.326489;42.779610;18.326489, 42.779610
307;280;OudElite - نخبة العود;8001220066;www.oudelite.com;"09:00AM - 12:00PM
04:00PM - 11:00PM";https://goo.gl/maps/bE6dfjqTyhdFQvq58;18.764362;41.377648;18.764362, 41.377648
235;281;OudElite - نخبة العود;8001220066;www.oudelite.com;"09:00AM - 12:00PM
04:00PM - 11:00PM";https://goo.gl/maps/MQP4PUH9JYAQoGH29;16.986667;42.819918;16.986667, 42.819918
236;282;OudElite - نخبة العود;8001220066;www.oudelite.com;"09:00AM - 12:00PM
04:00PM - 11:00PM";https://goo.gl/maps/ihrz8DGYdNnjy6qFA;17.172840;42.643566;17.172840, 42.643566
11;283;OudElite - نخبة العود;8001220066;www.oudelite.com;"09:00AM - 12:00PM
04:00PM - 11:00PM";https://goo.gl/maps/Pnixd3cpydLu3XjMA;18.217528;42.501917;18.217528, 42.501917
261;284;OudElite - نخبة العود;8001220066;www.oudelite.com;"09:00AM - 12:00PM
04:00PM - 11:00PM";https://goo.gl/maps/iHdiuwWUn54kZWC78;18.340778;41.914455;18.340778, 41.914455
262;285;OudElite - نخبة العود;8001220066;www.oudelite.com;"09:00AM - 12:00PM
04:00PM - 11:00PM";https://goo.gl/maps/91cpRem9m763uD5S7;18.284214;42.239983;18.284214, 42.239983
12;286;OudElite - نخبة العود;8001220066;www.oudelite.com;"09:00AM - 12:00PM
04:00PM - 11:00PM";https://goo.gl/maps/azZZTymt4rZufitS7;19.123944;42.130000;19.123944, 42.130000
336;287;OudElite - نخبة العود;8001220066;www.oudelite.com;"09:00AM - 12:00PM
04:00PM - 11:00PM";https://goo.gl/maps/QVCgrmHtc7PzJCQM9;17.385927;42.544097;17.385927, 42.544097
346;288;OudElite - نخبة العود;8001220066;www.oudelite.com;"09:00AM - 12:00PM
04:00PM - 11:00PM";https://goo.gl/maps/ZHWh5seu5QpULEjx5;20.269688;41.651470;20.269688, 41.651470
13;321;OudElite - نخبة العود;8001220066;www.oudelite.com;"09:00AM - 12:00PM
04:00PM - 11:00PM";https://goo.gl/maps/Q6SgAvJCsPBz8rQT9;25.399833;49.578694;25.399833, 49.578694
14;323;OudElite - نخبة العود;8001220066;www.oudelite.com;"09:00AM - 12:00PM
04:00PM - 11:00PM";https://goo.gl/maps/NKJMhMu1BuRDxfLX8;25.373500;49.590306;25.373500, 49.590306
32;326;OudElite - نخبة العود;8001220066;www.oudelite.com;"09:00AM - 12:00PM
04:00PM - 11:00PM";https://goo.gl/maps/udZLDTNpA2ej1zCY9;26.414076;50.072395;26.414076, 50.072395
42;330;OudElite - نخبة العود;8001220066;www.oudelite.com;"09:00AM - 12:00PM
04:00PM - 11:00PM";https://goo.gl/maps/G6P6gzHZRbBfR5cG9;27.158163;49.566326;27.158163, 49.566326
15;331;OudElite - نخبة العود;8001220066;www.oudelite.com;"09:00AM - 12:00PM
04:00PM - 11:00PM";https://goo.gl/maps/bpdLLdQMRnaJDuxo8;25.397667;49.560667;25.397667, 49.560667
33;335;OudElite - نخبة العود;8001220066;www.oudelite.com;"09:00AM - 12:00PM
04:00PM - 11:00PM";https://goo.gl/maps/C7YRyz6nYREPzzPf7;26.421772;50.113007;26.421772, 50.113007
16;336;OudElite - نخبة العود;8001220066;www.oudelite.com;"09:00AM - 12:00PM
04:00PM - 11:00PM";https://goo.gl/maps/f4LXFHLxijZRf9EL8;25.923111;49.652389;25.923111, 49.652389
43;338;OudElite - نخبة العود;8001220066;www.oudelite.com;"09:00AM - 12:00PM
04:00PM - 11:00PM";https://goo.gl/maps/7RspWy1CTiqrTcqi7;26.454929;50.105103;26.454929, 50.105103
17;340;OudElite - نخبة العود;8001220066;www.oudelite.com;"09:00AM - 12:00PM
04:00PM - 11:00PM";https://goo.gl/maps/Ap48GQHvodZh2jSM7;25.402056;49.578722;25.402056, 49.578722
18;343;OudElite - نخبة العود;8001220066;www.oudelite.com;"09:00AM - 12:00PM
04:00PM - 11:00PM";https://goo.gl/maps/CPgQiE5GK7f1Do8h6;25.372722;49.586222;25.372722, 49.586222
19;345;OudElite - نخبة العود;8001220066;www.oudelite.com;"09:00AM - 12:00PM
04:00PM - 11:00PM";https://goo.gl/maps/EErofEJyPB4rgyvV7;25.428690;49.597093;25.428690, 49.597093
34;346;OudElite - نخبة العود;8001220066;www.oudelite.com;"09:00AM - 12:00PM
04:00PM - 11:00PM";https://goo.gl/maps/5yBi3ugLoyA91jDD8;26.307190;50.172630;26.307190, 50.172630
35;347;OudElite - نخبة العود;8001220066;www.oudelite.com;"09:00AM - 12:00PM
04:00PM - 11:00PM";https://goo.gl/maps/6WvCX9JMx7Ef8tzb7;26.399462;50.117260;26.399462, 50.117260
44;354;OudElite - نخبة العود;8001220066;www.oudelite.com;"09:00AM - 12:00PM
04:00PM - 11:00PM";https://goo.gl/maps/awgK9C6p64oWcfjLA;27.011030;49.663181;27.011030, 49.663181
36;356;OudElite - نخبة العود;8001220066;www.oudelite.com;"09:00AM - 12:00PM
04:00PM - 11:00PM";https://goo.gl/maps/eVUAmrTpN7LWwRwv6;26.277594;50.190987;26.277594, 50.190987
45;357;OudElite - نخبة العود;8001220066;www.oudelite.com;"09:00AM - 12:00PM
04:00PM - 11:00PM";https://goo.gl/maps/hqyXRbizaPHTf2ueA;26.403675;50.056614;26.403675, 50.056614
46;359;OudElite - نخبة العود;8001220066;www.oudelite.com;"09:00AM - 12:00PM
04:00PM - 11:00PM";https://goo.gl/maps/zBCsdHfZqQJVpPsWA;26.415876;50.029980;26.415876, 50.029980
37;360;OudElite - نخبة العود;8001220066;www.oudelite.com;"09:00AM - 12:00PM
04:00PM - 11:00PM";https://goo.gl/maps/QcoMBqN9Nh6RzJYg7;26.211298;50.208122;26.211298, 50.208122
47;361;OudElite - نخبة العود;8001220066;www.oudelite.com;"09:00AM - 12:00PM
04:00PM - 11:00PM";https://goo.gl/maps/FXRf85yMo55mFaTH7;26.702984;50.064774;26.702984, 50.064774
237;362;OudElite - نخبة العود;8001220066;www.oudelite.com;"09:00AM - 12:00PM
04:00PM - 11:00PM";https://goo.gl/maps/kLDFMHkmKcbskHLT9;28.433579;48.496621;28.433579, 48.496621
38;363;OudElite - نخبة العود;8001220066;www.oudelite.com;"09:00AM - 12:00PM
04:00PM - 11:00PM";https://goo.gl/maps/bKsT9guCc9LgEMpo8;26.409815;50.109714;26.409815, 50.109714
327;364;OudElite - نخبة العود;8001220066;www.oudelite.com;"09:00AM - 12:00PM
04:00PM - 11:00PM";https://goo.gl/maps/oioDnMEYR6zKBAcU8;27.012083;49.663611;27.012083, 49.663611
347;367;OudElite - نخبة العود;8001220066;www.oudelite.com;"09:00AM - 12:00PM
04:00PM - 11:00PM";https://goo.gl/maps/5h8ZEYoz5yeCWjN67;26.285364;50.210861;26.285364, 50.210861
358;368;OudElite - نخبة العود;8001220066;www.oudelite.com;"09:00AM - 12:00PM
04:00PM - 11:00PM";;;;
238;375;OudElite - نخبة العود;8001220066;www.oudelite.com;"09:00AM - 12:00PM
04:00PM - 11:00PM";https://goo.gl/maps/6RXGPyPr73TY7CoM6;28.407872;45.958014;28.407872, 45.958014
239;376;OudElite - نخبة العود;8001220066;www.oudelite.com;"09:00AM - 12:00PM
04:00PM - 11:00PM";https://goo.gl/maps/zwWwozmC2i2esSgP8;28.436976;45.973991;28.436976, 45.973991
240;377;OudElite - نخبة العود;8001220066;www.oudelite.com;"09:00AM - 12:00PM
04:00PM - 11:00PM";https://goo.gl/maps/nJef4Mn3LrurB56N6;28.413317;45.968646;28.413317, 45.968646
241;378;OudElite - نخبة العود;8001220066;www.oudelite.com;"09:00AM - 12:00PM
04:00PM - 11:00PM";https://goo.gl/maps/3th11dg3demG9FVc6;28.428961;45.975484;28.428961, 45.975484
48;381;OudElite - نخبة العود;8001220066;www.oudelite.com;"09:00AM - 12:00PM
04:00PM - 11:00PM";https://goo.gl/maps/YabNfG5TEys1bbaX8;26.557152;50.037960;26.557152, 50.037960
39;382;OudElite - نخبة العود;8001220066;www.oudelite.com;"09:00AM - 12:00PM
04:00PM - 11:00PM";https://goo.gl/maps/z3geYy3VbxE4E7F69;27.470270;48.471962;27.470270, 48.471962
20;384;OudElite - نخبة العود;8001220066;www.oudelite.com;"09:00AM - 12:00PM
04:00PM - 11:00PM";https://goo.gl/maps/2944diPSAS3UTSWn6;25.436361;49.572222;25.436361, 49.572222
242;387;OudElite - نخبة العود;8001220066;www.oudelite.com;"09:00AM - 12:00PM
04:00PM - 11:00PM";https://goo.gl/maps/YT3cNU1boYPAMw2m9;28.414958;48.483966;28.414958, 48.483966
21;389;OudElite - نخبة العود;8001220066;www.oudelite.com;"09:00AM - 12:00PM
04:00PM - 11:00PM";https://goo.gl/maps/Zs6Qej3FdeguEVyv9;25.340916;49.546741;25.340916, 49.546741
243;390;OudElite - نخبة العود;8001220066;www.oudelite.com;"09:00AM - 12:00PM
04:00PM - 11:00PM";https://goo.gl/maps/5stJ4DaCVe8nux3i7;28.400565;45.965077;28.400565, 45.965077
49;391;OudElite - نخبة العود;8001220066;www.oudelite.com;"09:00AM - 12:00PM
04:00PM - 11:00PM";https://goo.gl/maps/ZfUTQQ8TN6HZczj88;26.476377;50.056473;26.476377, 50.056473
22;392;OudElite - نخبة العود;8001220066;www.oudelite.com;"09:00AM - 12:00PM
04:00PM - 11:00PM";https://goo.gl/maps/d4EKGA4DGzoovqaM6;25.387861;49.547500;25.387861, 49.547500
40;393;OudElite - نخبة العود;8001220066;www.oudelite.com;"09:00AM - 12:00PM
04:00PM - 11:00PM";https://goo.gl/maps/ueMckZTenzb8TCD89;26.302526;50.201691;26.302526, 50.201691
50;394;OudElite - نخبة العود;8001220066;www.oudelite.com;"09:00AM - 12:00PM
04:00PM - 11:00PM";https://goo.gl/maps/8B5RYxA3iVeQTqoy6;26.388546;50.075672;26.388546, 50.075672
23;397;OudElite - نخبة العود;8001220066;www.oudelite.com;"09:00AM - 12:00PM
04:00PM - 11:00PM";https://goo.gl/maps/2xkT5ZicvYUswYry7;25.345861;49.613222;25.345861, 49.613222
51;398;OudElite - نخبة العود;8001220066;www.oudelite.com;"09:00AM - 12:00PM
04:00PM - 11:00PM";https://goo.gl/maps/LXXcKq1yXNzYGdAd8;26.414785;50.077385;26.414785, 50.077385
41;399;OudElite - نخبة العود;8001220066;www.oudelite.com;"09:00AM - 12:00PM
04:00PM - 11:00PM";https://goo.gl/maps/2CJXU9yuEvgF3vrk8;26.290296;50.180876;26.290296, 50.180876
181;452;OudElite - نخبة العود;8001220066;www.oudelite.com;"09:00AM - 12:00PM
04:00PM - 11:00PM";https://goo.gl/maps/rQpZqTMRmfjsjrHK9;28.386806;36.593244;28.386806, 36.593244
161;453;OudElite - نخبة العود;8001220066;www.oudelite.com;"09:00AM - 12:00PM
04:00PM - 11:00PM";https://goo.gl/maps/UczmwGZ8gBUaRLzJA;24.087073;38.055064;24.087073, 38.055064
162;455;OudElite - نخبة العود;8001220066;www.oudelite.com;"09:00AM - 12:00PM
04:00PM - 11:00PM";https://goo.gl/maps/8CWdtL5GyWWbASWW7;25.037294;37.261635;25.037294, 37.261635
249;456;OudElite - نخبة العود;8001220066;www.oudelite.com;"09:00AM - 12:00PM
04:00PM - 11:00PM";https://goo.gl/maps/JXLsgVe7WuR93jgF6;30.954950;41.010967;30.954950, 41.010967
59;457;OudElite - نخبة العود;8001220066;www.oudelite.com;"09:00AM - 12:00PM
04:00PM - 11:00PM";https://goo.gl/maps/48tDQFr8y1LYWvKH8;24.734570;46.664032;24.734570, 46.664032
128;459;OudElite - نخبة العود;8001220066;www.oudelite.com;"09:00AM - 12:00PM
04:00PM - 11:00PM";https://goo.gl/maps/3eWLXGksWYQcnbpT6;27.488146;41.685082;27.488146, 41.685082
135;464;OudElite - نخبة العود;8001220066;www.oudelite.com;"09:00AM - 12:00PM
04:00PM - 11:00PM";https://goo.gl/maps/QboA4DedNEQJukFu7;23.917259;42.937870;23.917259, 42.937870
250;466;OudElite - نخبة العود;8001220066;www.oudelite.com;"09:00AM - 12:00PM
04:00PM - 11:00PM";https://goo.gl/maps/v27ZZ3bLkKAvDhNQ6;30.976060;41.023831;30.976060, 41.023831
96;468;OudElite - نخبة العود;8001220066;www.oudelite.com;"09:00AM - 12:00PM
04:00PM - 11:00PM";https://goo.gl/maps/SDeuTpTA6dEPe8WU9;24.476804;46.286595;24.476804, 46.286595
71;469;OudElite - نخبة العود;8001220066;www.oudelite.com;"09:00AM - 12:00PM
04:00PM - 11:00PM";https://goo.gl/maps/dshEby5jcAFy9U548;24.827861;46.782216;24.827861, 46.782216
108;471;OudElite - نخبة العود;8001220066;www.oudelite.com;"09:00AM - 12:00PM
04:00PM - 11:00PM";https://goo.gl/maps/anSZz1U6nn4McKo96;24.803041;46.861801;24.803041, 46.861801
89;474;OudElite - نخبة العود;8001220066;www.oudelite.com;"09:00AM - 12:00PM
04:00PM - 11:00PM";https://goo.gl/maps/R5kA9UfbkkXKMx9M7;24.585469;46.691211;24.585469, 46.691211
136;476;OudElite - نخبة العود;8001220066;www.oudelite.com;"09:00AM - 12:00PM
04:00PM - 11:00PM";https://goo.gl/maps/Ka6kcYFDHELFz1zi9;25.236250;45.257333;25.236250, 45.257333
182;478;OudElite - نخبة العود;8001220066;www.oudelite.com;"09:00AM - 12:00PM
04:00PM - 11:00PM";https://goo.gl/maps/qopdJVYYna4kUK4K6;28.394214;36.549297;28.394214, 36.549297
272;480;OudElite - نخبة العود;8001220066;www.oudelite.com;"09:00AM - 12:00PM
04:00PM - 11:00PM";https://goo.gl/maps/fFbDrZq26BrwSb839;21.419676;39.823525;21.419676, 39.823525
77;482;OudElite - نخبة العود;8001220066;www.oudelite.com;"09:00AM - 12:00PM
04:00PM - 11:00PM";https://goo.gl/maps/5FRSNSfUN4pJWpiJA;24.755462;46.742058;24.755462, 46.742058
183;484;OudElite - نخبة العود;8001220066;www.oudelite.com;"09:00AM - 12:00PM
04:00PM - 11:00PM";https://goo.gl/maps/6UiAQi7mfCjqokTg6;28.434204;36.558181;28.434204, 36.558181
163;485;OudElite - نخبة العود;8001220066;www.oudelite.com;"09:00AM - 12:00PM
04:00PM - 11:00PM";https://goo.gl/maps/yGTm6Cw3yBotVkKeA;24.032884;38.193216;24.032884, 38.193216
78;486;OudElite - نخبة العود;8001220066;www.oudelite.com;"09:00AM - 12:00PM
04:00PM - 11:00PM";https://goo.gl/maps/LFHVCZ9hKv253cg39;24.799332;46.784534;24.799332, 46.784534
79;487;OudElite - نخبة العود;8001220066;www.oudelite.com;"09:00AM - 12:00PM
04:00PM - 11:00PM";https://goo.gl/maps/PciNkgWZoeCK1AzR9;24.755916;46.683773;24.755916, 46.683773
184;488;OudElite - نخبة العود;8001220066;www.oudelite.com;"09:00AM - 12:00PM
04:00PM - 11:00PM";https://goo.gl/maps/ZBPsu1tj4XLMds1r5;26.238502;36.457844;26.238502, 36.457844
109;489;OudElite - نخبة العود;8001220066;www.oudelite.com;"09:00AM - 12:00PM
04:00PM - 11:00PM";https://goo.gl/maps/qk3xkwDgBRmaNdo5A;24.816751;46.878870;24.816751, 46.878870
164;490;OudElite - نخبة العود;8001220066;www.oudelite.com;"09:00AM - 12:00PM
04:00PM - 11:00PM";https://goo.gl/maps/z3PntMxobVVqpgMq9;25.706093;39.286731;25.706093, 39.286731
251;491;OudElite - نخبة العود;8001220066;www.oudelite.com;"09:00AM - 12:00PM
04:00PM - 11:00PM";https://goo.gl/maps/Dwzrz2ott1wzeqZm6;31.678617;38.676633;31.678617, 38.676633
129;492;OudElite - نخبة العود;8001220066;www.oudelite.com;"09:00AM - 12:00PM
04:00PM - 11:00PM";https://goo.gl/maps/zYpEyu5NLCMQFhPh6;25.868387;43.504902;25.868387, 43.504902
90;493;OudElite - نخبة العود;8001220066;www.oudelite.com;"09:00AM - 12:00PM
04:00PM - 11:00PM";https://goo.gl/maps/q3TMG1mc7rDGkcTS9;24.630870;46.707885;24.630870, 46.707885
91;496;OudElite - نخبة العود;8001220066;www.oudelite.com;"09:00AM - 12:00PM
04:00PM - 11:00PM";https://goo.gl/maps/2PWuqj4Ewmp58APC9;24.670727;46.731096;24.670727, 46.731096
80;497;OudElite - نخبة العود;8001220066;www.oudelite.com;"09:00AM - 12:00PM
04:00PM - 11:00PM";https://goo.gl/maps/McCng3TJWVM9V1eRA;24.744594;46.756499;24.744594, 46.756499
335;498;OudElite - نخبة العود;8001220066;www.oudelite.com;"09:00AM - 12:00PM
04:00PM - 11:00PM";https://goo.gl/maps/dwSrAfTKCr4yZFrj8;24.750984;46.823913;24.750984, 46.823913
81;499;OudElite - نخبة العود;8001220066;www.oudelite.com;"09:00AM - 12:00PM
04:00PM - 11:00PM";https://goo.gl/maps/eitCRzYG7qYtfp2e9;24.813616;46.773640;24.813616, 46.773640
174;504;OudElite - نخبة العود;8001220066;www.oudelite.com;"09:00AM - 12:00PM
04:00PM - 11:00PM";https://goo.gl/maps/3gdW4vyQVYSCFb3Y8;24.471509;39.611542;24.471509, 39.611542
192;506;OudElite - نخبة العود;8001220066;www.oudelite.com;"09:00AM - 12:00PM
04:00PM - 11:00PM";https://goo.gl/maps/z3RCuDPaP9znxiCU7;21.478843;39.240930;21.478843, 39.240930
137;507;OudElite - نخبة العود;8001220066;www.oudelite.com;"09:00AM - 12:00PM
04:00PM - 11:00PM";https://goo.gl/maps/CvHvfYjUNBWsC2C37;25.595340;45.627044;25.595340, 45.627044
193;508;OudElite - نخبة العود;8001220066;www.oudelite.com;"09:00AM - 12:00PM
04:00PM - 11:00PM";https://goo.gl/maps/HtvySMmZTgBnvbq5A;21.448845;39.292755;21.448845, 39.292755
154;509;OudElite - نخبة العود;8001220066;www.oudelite.com;"09:00AM - 12:00PM
04:00PM - 11:00PM";https://goo.gl/maps/GKn6YggphBNVqSTY7;24.426883;39.583424;24.426883, 39.583424
165;510;OudElite - نخبة العود;8001220066;www.oudelite.com;"09:00AM - 12:00PM
04:00PM - 11:00PM";https://goo.gl/maps/asmaiSZZpvzKFQCp8;25.035979;37.262594;25.035979, 37.262594
273;511;OudElite - نخبة العود;8001220066;www.oudelite.com;"09:00AM - 12:00PM
04:00PM - 11:00PM";https://goo.gl/maps/NjDfSDJV89zJtUyK6;21.418936;39.825618;21.418936, 39.825618
194;513;OudElite - نخبة العود;8001220066;www.oudelite.com;"09:00AM - 12:00PM
04:00PM - 11:00PM";https://goo.gl/maps/kpsiHw4sRGjStiT17;21.454901;39.247498;21.454901, 39.247498
155;514;OudElite - نخبة العود;8001220066;www.oudelite.com;"09:00AM - 12:00PM
04:00PM - 11:00PM";https://goo.gl/maps/wsaeP7RgsdNBgiY57;24.488789;39.579616;24.488789, 39.579616
156;515;OudElite - نخبة العود;8001220066;www.oudelite.com;"09:00AM - 12:00PM
04:00PM - 11:00PM";https://goo.gl/maps/KxPfwkV9d7so4pBo9;24.487052;39.635110;24.487052, 39.635110
212;518;OudElite - نخبة العود;8001220066;www.oudelite.com;"09:00AM - 12:00PM
04:00PM - 11:00PM";https://goo.gl/maps/B4ws6yWCLoJSNNFQA;21.795883;39.136230;21.795883, 39.136230
207;519;OudElite - نخبة العود;8001220066;www.oudelite.com;"09:00AM - 12:00PM
04:00PM - 11:00PM";https://goo.gl/maps/dA2Nz2fUSwJyTfSP7;21.591145;39.172179;21.591145, 39.172179
320;521;OudElite - نخبة العود;8001220066;www.oudelite.com;"09:00AM - 12:00PM
04:00PM - 11:00PM";https://goo.gl/maps/soykrzsdZNkfbg7v6;21.441691;39.800423;21.441691, 39.800423
92;522;OudElite - نخبة العود;8001220066;www.oudelite.com;"09:00AM - 12:00PM
04:00PM - 11:00PM";https://goo.gl/maps/PJEDW7vHgfgkuWHj9;24.575301;46.695365;24.575301, 46.695365
110;524;OudElite - نخبة العود;8001220066;www.oudelite.com;"09:00AM - 12:00PM
04:00PM - 11:00PM";https://goo.gl/maps/FyRgGgULmXMu13bK8;24.812590;46.883322;24.812590, 46.883322
111;525;OudElite - نخبة العود;8001220066;www.oudelite.com;"09:00AM - 12:00PM
04:00PM - 11:00PM";https://goo.gl/maps/ULTgHy2H27LPnzUp9;24.746641;46.837351;24.746641, 46.837351
138;527;OudElite - نخبة العود;8001220066;www.oudelite.com;"09:00AM - 12:00PM
04:00PM - 11:00PM";https://goo.gl/maps/JMPR3bUquiB7e3Sk7;23.911850;42.921131;23.911850, 42.921131
82;528;OudElite - نخبة العود;8001220066;www.oudelite.com;"09:00AM - 12:00PM
04:00PM - 11:00PM";https://goo.gl/maps/1sGnFxyyjbpbVrQa6;24.768549;46.761440;24.768549, 46.761440
308;531;OudElite - نخبة العود;8001220066;www.oudelite.com;"09:00AM - 12:00PM
04:00PM - 11:00PM";https://goo.gl/maps/bzd9BqYG9EZiSd1T9;21.406642;39.871573;21.406642, 39.871573
185;532;OudElite - نخبة العود;8001220066;www.oudelite.com;"09:00AM - 12:00PM
04:00PM - 11:00PM";https://goo.gl/maps/9DxqnviMgfsfGLPaA;28.398176;36.577724;28.398176, 36.577724
221;533;OudElite - نخبة العود;8001220066;www.oudelite.com;"09:00AM - 12:00PM
04:00PM - 11:00PM";https://goo.gl/maps/WKN2SKTpxbsjtKin6;21.665723;39.108646;21.665723, 39.108646
196;534;OudElite - نخبة العود;8001220066;www.oudelite.com;"09:00AM - 12:00PM
04:00PM - 11:00PM";https://goo.gl/maps/6h97RxpaHqttFZ5N7;21.482793;39.241709;21.482793, 39.241709
83;535;OudElite - نخبة العود;8001220066;www.oudelite.com;"09:00AM - 12:00PM
04:00PM - 11:00PM";https://goo.gl/maps/VTndGmeBzDYVGbji9;24.765506;46.808922;24.765506, 46.808922
175;536;OudElite - نخبة العود;8001220066;www.oudelite.com;"09:00AM - 12:00PM
04:00PM - 11:00PM";https://goo.gl/maps/3gdW4vyQVYSCFb3Y8;24.471509;39.611542;24.471509, 39.611542
321;537;OudElite - نخبة العود;8001220066;www.oudelite.com;"09:00AM - 12:00PM
04:00PM - 11:00PM";https://goo.gl/maps/hWJcDWGtiiCBqkVF8;21.444029;39.859671;21.444029, 39.859671
130;538;OudElite - نخبة العود;8001220066;www.oudelite.com;"09:00AM - 12:00PM
04:00PM - 11:00PM";https://goo.gl/maps/kozvYwmxWHPHsh4G7;26.363151;43.956709;26.363151, 43.956709
97;539;OudElite - نخبة العود;8001220066;www.oudelite.com;"09:00AM - 12:00PM
04:00PM - 11:00PM";https://goo.gl/maps/wKpm9k6JQ2rL6WZE6;24.150460;47.314707;24.150460, 47.314707
213;540;OudElite - نخبة العود;8001220066;www.oudelite.com;"09:00AM - 12:00PM
04:00PM - 11:00PM";https://goo.gl/maps/LcwmpgJaSPQGxS6d6;21.752086;39.186832;21.752086, 39.186832
131;541;OudElite - نخبة العود;8001220066;www.oudelite.com;"09:00AM - 12:00PM
04:00PM - 11:00PM";https://goo.gl/maps/zzYqePffJsVTeBq38;26.150586;43.663294;26.150586, 43.663294
214;542;OudElite - نخبة العود;8001220066;www.oudelite.com;"09:00AM - 12:00PM
04:00PM - 11:00PM";https://goo.gl/maps/D7EJGvjWEzY7Pn6C6;21.701321;39.116116;21.701321, 39.116116
325;544;OudElite - نخبة العود;8001220066;www.oudelite.com;"09:00AM - 12:00PM
04:00PM - 11:00PM";https://goo.gl/maps/4ZdCS5hXFnEA8dAG9;26.072752;44.010100;26.072752, 44.010100
132;545;OudElite - نخبة العود;8001220066;www.oudelite.com;"09:00AM - 12:00PM
04:00PM - 11:00PM";https://goo.gl/maps/LiqhpUSTUu2XEK4m8;26.386377;43.962769;26.386377, 43.962769
72;546;OudElite - نخبة العود;8001220066;www.oudelite.com;"09:00AM - 12:00PM
04:00PM - 11:00PM";https://goo.gl/maps/No4jshCAGXZk6pEx9;24.694089;46.605474;24.694089, 46.605474
60;547;OudElite - نخبة العود;8001220066;www.oudelite.com;"09:00AM - 12:00PM
04:00PM - 11:00PM";https://goo.gl/maps/kq7qdicoQrN96EsA6;24.664791;46.682488;24.664791, 46.682488
98;548;OudElite - نخبة العود;8001220066;www.oudelite.com;"09:00AM - 12:00PM
04:00PM - 11:00PM";https://goo.gl/maps/CFZRZtn2APeyR2HN8;24.568086;46.543988;24.568086, 46.543988
100;549;OudElite - نخبة العود;8001220066;www.oudelite.com;"09:00AM - 12:00PM
04:00PM - 11:00PM";https://goo.gl/maps/ecdMBWoFYr57g9Ut5;24.137655;47.277050;24.137655, 47.277050
215;550;OudElite - نخبة العود;8001220066;www.oudelite.com;"09:00AM - 12:00PM
04:00PM - 11:00PM";https://goo.gl/maps/nw98FBYoTXumCdcq9;21.578976;39.237442;21.578976, 39.237442
157;551;OudElite - نخبة العود;8001220066;www.oudelite.com;"09:00AM - 12:00PM
04:00PM - 11:00PM";https://goo.gl/maps/RBApYVoyZ224X24U8;24.487694;39.649254;24.487694, 39.649254
197;552;OudElite - نخبة العود;8001220066;www.oudelite.com;"09:00AM - 12:00PM
04:00PM - 11:00PM";https://goo.gl/maps/WUMb973q1XZEjpgY6;21.469505;39.189995;21.469505, 39.189995
139;553;OudElite - نخبة العود;8001220066;www.oudelite.com;"09:00AM - 12:00PM
04:00PM - 11:00PM";https://goo.gl/maps/aKT61jeu5bcQrGiB8;25.190805;44.601333;25.190805, 44.601333
208;554;OudElite - نخبة العود;8001220066;www.oudelite.com;"09:00AM - 12:00PM
04:00PM - 11:00PM";https://goo.gl/maps/h1fq8vd8wkXGQKJfA;22.798278;39.032361;22.798278, 39.032361
166;556;OudElite - نخبة العود;8001220066;www.oudelite.com;"09:00AM - 12:00PM
04:00PM - 11:00PM";https://goo.gl/maps/Jvcd3Cowghi8yGgk9;24.084599;38.097630;24.084599, 38.097630
133;557;OudElite - نخبة العود;8001220066;www.oudelite.com;"09:00AM - 12:00PM
04:00PM - 11:00PM";https://goo.gl/maps/Do1P58bifbJMGvRJ8;27.899249;42.393814;27.899249, 42.393814
158;558;OudElite - نخبة العود;8001220066;www.oudelite.com;"09:00AM - 12:00PM
04:00PM - 11:00PM";https://goo.gl/maps/VfePE7DZqts5L1pY9;24.447535;39.678626;24.447535, 39.678626
61;559;OudElite - نخبة العود;8001220066;www.oudelite.com;"09:00AM - 12:00PM
04:00PM - 11:00PM";https://goo.gl/maps/m6QQp8uXFirQ7wTcA;24.783813;46.661227;24.783813, 46.661227
223;560;OudElite - نخبة العود;8001220066;www.oudelite.com;"09:00AM - 12:00PM
04:00PM - 11:00PM";https://goo.gl/maps/bnv69fmwibteD8RE8;21.604602;39.212547;21.604602, 39.212547
140;561;OudElite - نخبة العود;8001220066;www.oudelite.com;"09:00AM - 12:00PM
04:00PM - 11:00PM";https://goo.gl/maps/2Sc29kUoKS3EKKM19;24.532530;44.429722;24.532530, 44.429722
198;562;OudElite - نخبة العود;8001220066;www.oudelite.com;"09:00AM - 12:00PM
04:00PM - 11:00PM";https://goo.gl/maps/P93d5uDEPj2B9NrW6;21.406073;39.265816;21.406073, 39.265816
62;563;OudElite - نخبة العود;8001220066;www.oudelite.com;"09:00AM - 12:00PM
04:00PM - 11:00PM";https://goo.gl/maps/di86ikbhKJw3f1V99;24.758265;46.662766;24.758265, 46.662766
322;564;OudElite - نخبة العود;8001220066;www.oudelite.com;"09:00AM - 12:00PM
04:00PM - 11:00PM";https://goo.gl/maps/63dY2TRgaU3QTyaW6;21.423840;39.782673;21.423840, 39.782673
63;565;OudElite - نخبة العود;8001220066;www.oudelite.com;"09:00AM - 12:00PM
04:00PM - 11:00PM";https://goo.gl/maps/GMY7uh9pLR71vp6CA;24.734728;46.663410;24.734728, 46.663410
112;566;OudElite - نخبة العود;8001220066;www.oudelite.com;"09:00AM - 12:00PM
04:00PM - 11:00PM";https://goo.gl/maps/qa5uCxjmiEeyxYzr7;24.793600;46.868198;24.793600, 46.868198
186;567;OudElite - نخبة العود;8001220066;www.oudelite.com;"09:00AM - 12:00PM
04:00PM - 11:00PM";https://goo.gl/maps/wTHChSvHUNGY9GnX6;29.285217;34.949238;29.285217, 34.949238
222;568;OudElite - نخبة العود;8001220066;www.oudelite.com;"09:00AM - 12:00PM
04:00PM - 11:00PM";https://goo.gl/maps/7UE2438Eby6wtrVm8;21.762601;39.114479;21.762601, 39.114479
334;569;OudElite - نخبة العود;8001220066;www.oudelite.com;"09:00AM - 12:00PM
04:00PM - 11:00PM";https://goo.gl/maps/d8TR9UoxmdzCLkJ8A;24.743711;46.679339;24.743711, 46.679339
326;570;OudElite - نخبة العود;8001220066;www.oudelite.com;"09:00AM - 12:00PM
04:00PM - 11:00PM";https://goo.gl/maps/7fBhMDwb6hgQwrgr6;28.429449;36.572915;28.429449, 36.572915
348;571;OudElite - نخبة العود;8001220066;www.oudelite.com;"09:00AM - 12:00PM
04:00PM - 11:00PM";https://goo.gl/maps/Bz9GpiCF47bWFsuD8;26.387583;50.074734;26.387583, 50.074734
52;572;OudElite - نخبة العود;8001220066;www.oudelite.com;"09:00AM - 12:00PM
04:00PM - 11:00PM";https://goo.gl/maps/CyTykUZ8kkRgBKJq6;26.704149;50.059254;26.704149, 50.059254
99;573;OudElite - نخبة العود;8001220066;www.oudelite.com;"09:00AM - 12:00PM
04:00PM - 11:00PM";https://goo.gl/maps/KPDDB9Jf66ckko6Y6;24.568181;46.772639;24.568181, 46.772639
53;574;OudElite - نخبة العود;8001220066;www.oudelite.com;"09:00AM - 12:00PM
04:00PM - 11:00PM";https://goo.gl/maps/dRppizfp3iAVnUL7A;26.442766;50.067631;26.442766, 50.067631
324;575;OudElite - نخبة العود;8001220066;www.oudelite.com;"09:00AM - 12:00PM
04:00PM - 11:00PM";https://goo.gl/maps/tH2YeH1RXYpRmLug9;24.584522;46.626766;24.584522, 46.626766
176;576;OudElite - نخبة العود;8001220066;www.oudelite.com;"09:00AM - 12:00PM
04:00PM - 11:00PM";https://goo.gl/maps/gXsCCrwtAQhgD9A76;24.488821;39.674908;24.488821, 39.674908
177;577;OudElite - نخبة العود;8001220066;www.oudelite.com;"09:00AM - 12:00PM
04:00PM - 11:00PM";https://goo.gl/maps/JBSNXcWCJWFfe8nJ9;24.867922;40.496574;24.867922, 40.496574
122;578;OudElite - نخبة العود;8001220066;www.oudelite.com;"09:00AM - 12:00PM
04:00PM - 11:00PM";https://goo.gl/maps/LcYAzyJphu3KwS4w8;21.338556;40.452980;21.338556, 40.452980
329;579;OudElite - نخبة العود;8001220066;www.oudelite.com;"09:00AM - 12:00PM
04:00PM - 11:00PM";https://goo.gl/maps/T4ecanrykUH133Ld7;20.150444;40.278556;20.150444, 40.278556
333;581;OudElite - نخبة العود;8001220066;www.oudelite.com;"09:00AM - 12:00PM
04:00PM - 11:00PM";https://goo.gl/maps/UzhdU9pyWoVyEhfu9;21.419944;39.824250;21.419944, 39.824250
331;582;OudElite - نخبة العود;8001220066;www.oudelite.com;"09:00AM - 12:00PM
04:00PM - 11:00PM";https://goo.gl/maps/TR5CmXzUPNbeE8p5A;24.702807;46.778657;24.702807, 46.778657
332;583;OudElite - نخبة العود;8001220066;www.oudelite.com;"09:00AM - 12:00PM
04:00PM - 11:00PM";https://goo.gl/maps/mFYPVgqxxDNPaoRt7;21.573778;39.202972;21.573778, 39.202972
328;584;OudElite - نخبة العود;8001220066;www.oudelite.com;"09:00AM - 12:00PM
04:00PM - 11:00PM";https://goo.gl/maps/VAEJdhH4oEfkHKrk6;21.458194;39.197917;21.458194, 39.197917
349;585;OudElite - نخبة العود;8001220066;www.oudelite.com;"09:00AM - 12:00PM
04:00PM - 11:00PM";https://goo.gl/maps/ifaMJwJv4KBozwPa7;27.511622;41.698479;27.511622, 41.698479
350;586;OudElite - نخبة العود;8001220066;www.oudelite.com;"09:00AM - 12:00PM
04:00PM - 11:00PM";https://goo.gl/maps/w9kANDiyieMTfdUN9;24.807783;46.804367;24.807783, 46.804367
351;587;OudElite - نخبة العود;8001220066;www.oudelite.com;"09:00AM - 12:00PM
04:00PM - 11:00PM";https://goo.gl/maps/TnC4qFKXDcr4REoD7;24.790653;46.632095;24.790653, 46.632095
352;588;OudElite - نخبة العود;8001220066;www.oudelite.com;"09:00AM - 12:00PM
04:00PM - 11:00PM";https://goo.gl/maps/na2fvdfmrZVYWWje8;21.419687;39.824627;21.419687, 39.824627
353;589;OudElite - نخبة العود;8001220066;www.oudelite.com;"09:00AM - 12:00PM
04:00PM - 11:00PM";https://goo.gl/maps/gc45UGmDPxqRnN9k7;26.366816;43.965267;26.366816, 43.965267
341;591;OudElite - نخبة العود;8001220066;www.oudelite.com;"09:00AM - 12:00PM
04:00PM - 11:00PM";https://goo.gl/maps/CGcL4kNjgNJgkgzC9;24.699376;46.836413;24.699376, 46.836413
354;592;OudElite - نخبة العود;8001220066;www.oudelite.com;"09:00AM - 12:00PM
04:00PM - 11:00PM";https://goo.gl/maps/ETDqk9UERNVjaB3R7;24.564537;46.705116;24.564537, 46.705116
355;593;OudElite - نخبة العود;8001220066;www.oudelite.com;"09:00AM - 12:00PM
04:00PM - 11:00PM";https://goo.gl/maps/f3GBo9deM7o4n5n8A;27.555180;41.681879;27.555180, 41.681879
338;594;OudElite - نخبة العود;8001220066;www.oudelite.com;"09:00AM - 12:00PM
04:00PM - 11:00PM";https://goo.gl/maps/jYXAmXZUqk4svZ418;21.577822;39.196800;21.577822, 39.196800
337;595;OudElite - نخبة العود;8001220066;www.oudelite.com;"09:00AM - 12:00PM
04:00PM - 11:00PM";https://goo.gl/maps/MiUUfs4DQ4JS377o6;21.616123;39.164883;21.616123, 39.164883
356;596;OudElite - نخبة العود;8001220066;www.oudelite.com;"09:00AM - 12:00PM
04:00PM - 11:00PM";https://goo.gl/maps/ic4c6LvfTgddRZEb7;24.790222;6.808333 ;24.790222, 46.808333 
357;597;OudElite - نخبة العود;8001220066;www.oudelite.com;"09:00AM - 12:00PM
04:00PM - 11:00PM";https://goo.gl/maps/5TsqVYPBLxuVJjcv6; 24.45308;9.656866 ; 24.453081, 39.656866 
